,barcode01,barcode02,barcode03,barcode04,barcode05,barcode06,barcode07,barcode08,barcode09,barcode10,barcode12
Bacillus,52,48,22,5,56,32,14,31,59,27,33
Neobacillus,11,12,5,3,10,9,6,10,15,2,5
Priestia,2,7,0,1,3,1,2,1,2,2,2
Lysinibacillus,4,3,3,3,7,2,4,7,4,3,2
Heyndrickxia,0,0,0,0,1,0,1,1,0,0,1
Peribacillus,2,0,2,0,3,3,3,0,3,1,0
Cytobacillus,0,0,0,0,0,0,0,0,0,0,0
Metabacillus,3,1,0,1,0,0,1,0,3,0,0
Radiobacillus,0,0,0,0,0,0,0,0,0,0,2
Virgibacillus,0,0,0,0,0,0,0,0,0,0,0
Niallia,2,2,0,0,4,0,1,2,1,2,2
Geobacillus,0,0,0,0,2,0,0,0,1,0,2
Anoxybacillus,0,0,0,0,0,0,0,0,0,0,0
Mesobacillus,0,0,0,0,0,0,0,0,0,0,0
Rossellomorea,1,1,0,1,1,0,1,0,2,0,1
Oceanobacillus,0,0,0,0,0,0,0,0,1,0,0
Paenalkalicoccus,0,0,0,0,0,0,0,0,0,0,0
Pradoshia,0,0,0,0,0,0,0,0,0,0,0
Lederbergia,0,0,0,0,0,0,0,0,0,0,0
Sutcliffiella,0,0,0,0,0,0,0,0,0,0,0
Fictibacillus,0,0,0,0,0,0,0,0,0,0,0
Lentibacillus,0,0,0,0,0,0,0,0,0,0,0
Pontibacillus,2,1,0,0,1,2,0,0,3,1,1
Caldalkalibacillus,0,0,0,0,0,0,0,0,0,0,0
Psychrobacillus,0,0,0,0,2,0,0,1,3,0,0
Fervidibacillus,0,0,0,0,0,0,0,0,0,0,0
Amphibacillus,0,0,0,0,0,0,0,0,0,0,0
Halobacillus,0,0,0,0,0,0,0,0,0,0,0
Gottfriedia,0,0,0,0,0,0,0,0,0,0,0
Ectobacillus,0,0,0,0,0,0,0,0,0,0,0
Salipaludibacillus,0,0,0,0,0,0,0,0,0,0,0
Paenibacillus,8,3,6,2,2,9,3,6,5,2,4
Cohnella,0,0,1,0,0,1,1,0,1,0,0
Brevibacillus,0,0,0,0,0,0,0,0,0,0,0
Aneurinibacillus,2,1,1,1,2,0,0,0,0,2,0
Saccharibacillus,0,0,0,0,0,0,0,0,0,0,0
Sporosarcina,12,17,7,1,16,11,5,9,25,8,6
Planococcus,1,3,1,2,2,5,1,1,3,1,1
Solibacillus,0,0,0,0,0,0,0,0,0,0,0
Rummeliibacillus,0,0,0,0,0,0,0,0,0,0,1
Staphylococcus,5,2,1,0,7,1,1,3,1,1,8
Tumebacillus,4,0,0,0,1,0,0,0,0,0,0
Kroppenstedtia,0,0,0,0,0,0,0,0,0,0,0
Polycladomyces,0,0,0,0,0,0,0,0,0,0,0
Novibacillus,0,0,0,0,0,0,0,0,0,0,0
Listeria,0,0,0,0,0,2,0,0,0,0,1
Exiguobacterium,0,1,0,0,0,0,0,0,0,0,0
Lactobacillus,0,0,0,0,0,1,0,0,1,0,0
Lactiplantibacillus,0,0,0,0,0,0,0,0,0,0,1
Ligilactobacillus,0,0,0,0,0,0,0,0,0,0,0
Limosilactobacillus,0,0,0,0,0,0,0,0,0,0,0
Pediococcus,0,0,0,0,0,0,0,0,0,0,0
Lacticaseibacillus,0,1,0,0,0,0,0,0,0,0,0
Weissella,1,0,0,0,0,0,0,0,0,0,0
Streptococcus,0,0,0,1,0,0,0,0,0,0,0
Lactococcus,0,2,0,0,0,2,0,0,1,0,1
Enterococcus,0,0,0,0,0,0,0,0,0,0,0
Desemzia,0,0,0,0,0,0,0,0,0,0,0
Clostridium,12,17,5,4,15,241,118,185,14,43,84
Caloramator,0,0,0,0,0,0,0,0,0,0,0
Candidatus Arthromitus,0,0,0,0,0,0,0,0,0,0,0
Caminicella,0,0,0,0,0,0,0,0,0,0,0
Romboutsia,1,2,1,0,2,0,0,1,0,0,0
Clostridioides,0,0,0,0,0,0,0,0,0,0,0
Acetivibrio,1,2,0,0,0,1,0,0,2,2,0
Faecalibacterium,1,0,0,0,0,0,0,0,2,1,0
Ruminococcus,1,2,0,0,0,0,0,0,0,0,0
Ruminiclostridium,0,0,0,0,0,0,0,0,0,0,0
Pseudoclostridium,0,0,0,0,0,0,0,0,0,0,0
Pusillibacter,0,0,0,0,0,0,0,0,0,0,0
Dysosmobacter,0,0,0,0,0,0,0,0,0,0,0
Mageeibacillus,0,0,0,0,0,0,0,0,0,0,0
Desulfosporosinus,0,1,0,0,0,0,1,1,1,2,0
Desulfitobacterium,1,1,0,0,0,0,1,0,0,0,0
Desulforamulus,8,2,3,0,3,0,1,4,3,1,2
Thermanaerosceptrum,0,0,0,0,0,0,0,0,0,0,0
Desulfofarcimen,0,0,0,0,0,0,0,0,0,0,0
Enterocloster,0,0,0,0,1,0,0,0,0,0,0
Roseburia,0,0,0,0,0,0,0,0,0,0,0
Anaeropeptidivorans,0,0,0,0,0,0,0,0,0,0,0
Anaerocolumna,1,5,1,0,1,3,1,1,1,0,3
Butyrivibrio,0,0,0,0,0,0,0,0,0,0,0
Carboxydocella,0,0,0,0,0,0,0,0,0,0,0
Thermaerobacter,0,1,0,0,0,0,0,1,0,0,0
Aminipila,0,0,0,0,0,0,0,0,1,0,0
Desulfotomaculum,0,0,0,0,0,0,0,0,0,0,0
Syntrophomonas,0,0,0,0,0,0,0,0,0,0,0
Syntrophothermus,0,0,0,0,0,0,0,0,0,0,0
Candidatus Contubernalis,0,0,0,0,0,0,0,0,0,0,0
Thermoanaerobacter,1,0,0,0,0,0,0,0,0,0,0
Mahella,0,0,0,0,0,0,0,0,0,0,0
Halanaerobium,1,0,0,0,0,0,0,0,0,0,0
Caldicellulosiruptor,0,1,0,0,0,1,0,0,2,0,1
Pelosinus,2,1,0,0,0,1,0,0,1,0,2
Selenomonas,0,0,0,0,0,0,0,1,0,0,1
Megamonas,0,0,0,0,0,0,0,0,0,0,0
Acidaminococcus,0,0,0,0,0,0,0,0,0,0,0
Sedimentibacter,0,0,0,0,0,0,0,0,0,0,0
Turicibacter,0,1,0,0,0,0,0,1,0,0,0
Mycolicibacterium,0,0,0,0,0,0,0,1,1,0,1
Mycobacterium,0,0,0,0,1,0,0,0,0,0,0
Mycobacteroides,0,0,0,0,0,0,0,0,0,0,0
Corynebacterium,1,0,0,0,2,0,0,1,2,0,1
Rhodococcus,0,0,0,0,0,0,0,0,1,0,0
Gordonia,0,0,0,0,0,0,0,0,0,0,0
Arthrobacter,1,0,0,0,0,0,0,0,1,0,1
Pseudarthrobacter,0,0,0,0,0,0,0,0,0,0,0
Glutamicibacter,0,0,0,0,0,0,0,1,0,0,0
Miniimonas,0,0,0,0,0,0,0,0,0,0,0
Microcella,1,0,0,0,1,0,0,0,0,0,0
Microbacterium,0,0,0,0,0,0,0,0,0,0,0
Janibacter,0,0,0,0,0,0,0,1,0,0,0
Phycicoccus,0,0,0,0,0,0,0,0,0,0,0
Streptomyces,8,13,3,5,7,10,2,6,18,0,6
Peterkaempfera,0,0,0,0,0,0,0,0,0,0,0
Kitasatospora,0,2,0,0,0,1,0,0,0,0,0
Nocardioides,0,0,0,0,0,1,1,0,0,0,0
Aeromicrobium,1,0,0,0,0,1,0,0,0,0,0
Microlunatus,0,0,0,0,0,0,0,0,0,0,0
Actinopolymorpha,0,0,0,0,0,0,0,0,0,0,0
Bifidobacterium,0,1,0,0,0,0,0,0,0,0,0
Actinoplanes,0,0,0,1,0,1,0,1,0,0,0
Micromonospora,0,0,0,0,0,0,0,1,1,0,0
Dactylosporangium,1,1,0,0,0,0,0,0,1,0,0
Phytohabitans,0,0,0,0,0,0,0,0,0,0,0
Pseudonocardia,0,0,0,0,0,0,0,1,0,0,0
Lentzea,0,0,0,0,0,0,0,0,0,0,0
Thermobispora,0,0,0,0,0,0,0,0,0,0,0
Thermobifida,0,0,0,0,0,0,0,0,0,0,0
Actinomyces,1,0,1,0,0,0,0,0,2,0,0
Actinotignum,0,0,0,0,0,0,0,0,0,0,0
Stackebrandtia,0,0,0,0,0,0,0,0,0,0,0
Candidatus Nanopelagicus,0,0,0,0,0,0,0,0,0,0,0
Blastococcus,0,0,0,0,0,0,0,0,0,0,0
Jiangella,1,0,0,0,0,0,0,0,0,0,0
Frankia,0,1,1,0,0,0,0,0,3,0,0
Conexibacter,0,3,0,2,0,1,0,0,3,0,0
Miltoncostaea,6,3,1,4,3,0,0,1,1,0,2
Iamia,0,0,0,0,0,0,0,0,0,0,0
Actinomarinicola,0,0,0,0,0,0,0,0,0,0,0
Ilumatobacter,0,0,0,0,0,0,0,0,0,0,0
Rubrobacter,0,0,0,0,0,0,0,0,0,0,0
Eggerthella,1,0,0,0,0,0,0,0,0,0,0
Denitrobacterium,0,0,0,0,0,0,0,0,0,0,0
Xiamenia,0,0,0,0,0,0,0,0,0,0,0
Coriobacterium,0,0,0,0,0,0,0,0,0,0,0
Leptolyngbya,0,0,0,0,0,0,0,0,0,0,0
Planktothrix,0,0,0,0,0,0,0,0,1,0,0
Caldilinea,0,0,0,0,0,0,0,0,0,0,0
Roseiflexus,2,0,0,0,0,0,0,0,1,0,0
Chloroflexus,1,1,1,5,1,2,2,0,1,1,1
Dehalococcoides,4,0,1,1,0,0,0,0,0,0,0
Pelolinea,0,0,0,0,0,0,0,0,0,0,0
Brevefilum,0,0,0,0,0,0,0,0,0,0,0
Ktedonosporobacter,0,0,0,0,0,0,0,0,0,0,0
Mycoplasma,0,0,0,0,0,0,0,0,1,0,0
Mycoplasmopsis,0,0,0,0,0,0,0,0,1,0,0
Mesomycoplasma,0,0,0,0,0,0,0,1,0,0,0
Metamycoplasma,1,1,1,0,1,0,0,0,0,0,1
Capsulimonas,0,0,0,0,0,0,0,0,0,0,0
Chthonomonas,0,0,0,0,0,0,0,0,0,0,0
Allomeiothermus,0,0,0,0,0,0,0,0,0,0,0
Pseudolabrys,5,5,2,4,3,5,2,3,10,4,2
Labrys,0,0,0,0,0,0,0,0,0,0,0
Bradyrhizobium,55,72,27,48,65,38,31,39,91,18,26
Afipia,13,20,3,7,13,12,6,7,15,3,11
Nitrobacter,10,7,6,7,6,11,5,3,15,2,3
Variibacter,0,0,0,0,0,0,0,0,0,0,0
Rhodopseudomonas,0,0,0,0,0,0,0,0,0,0,1
Tardiphaga,2,3,0,0,2,2,1,1,2,2,1
Methyloceanibacter,39,59,28,23,51,37,16,34,69,7,33
Rhodomicrobium,15,15,4,9,12,11,4,8,27,6,7
Rhodoplanes,0,0,0,0,0,0,0,0,0,0,0
Hyphomicrobium,9,17,10,9,10,5,5,11,15,3,10
Methyloligella,0,0,0,0,0,0,0,0,0,0,0
Filomicrobium,0,0,0,0,0,0,0,0,0,0,0
Enhydrobacter,0,0,0,0,0,0,0,0,0,0,0
Nordella,0,0,0,0,0,0,0,0,0,0,0
Candidatus Hodgkinia,0,0,0,0,0,0,0,0,0,0,0
Pseudorhodoplanes,0,0,0,0,0,0,0,0,0,0,0
Terrihabitans,0,0,0,0,0,0,0,0,0,0,0
Rhizobium,1,1,0,1,1,0,0,0,1,0,0
Neorhizobium,0,0,0,0,0,0,0,0,0,0,0
Liberibacter,2,4,2,2,4,5,3,1,6,0,0
Sinorhizobium,0,0,0,0,0,0,0,0,0,0,0
Microvirga,12,10,4,3,5,4,4,3,14,2,6
Methylobacterium,4,2,0,1,3,2,1,1,6,0,2
Methylocella,1,1,0,0,0,0,0,0,0,0,0
Methylocapsa,0,0,0,0,0,0,0,0,0,0,0
Methylovirgula,3,0,2,1,3,0,0,0,5,0,0
Beijerinckia,0,0,0,0,0,0,0,0,0,0,0
Mesorhizobium,10,11,5,7,15,3,6,7,14,3,4
Aquibium,0,0,0,0,0,0,0,0,0,0,0
Phyllobacterium,1,0,0,0,1,1,0,0,0,0,0
Chelativorans,0,0,0,0,0,0,0,0,0,0,0
Methylocystis,11,9,2,5,4,5,5,6,7,4,4
Methylosinus,0,0,0,0,0,0,0,0,0,0,0
Brucella,0,0,0,0,0,1,0,0,0,0,0
Devosia,2,0,1,0,0,1,0,0,0,0,0
Roseibium,0,0,0,0,0,0,0,0,0,0,0
Stappia,0,0,0,0,0,0,0,0,0,0,0
Pannonibacter,0,0,0,0,0,0,0,0,0,0,0
Aureimonas,0,0,0,0,0,0,0,0,0,0,0
Chelatococcus,2,2,0,1,1,1,1,0,0,1,2
Blastochloris,0,0,0,0,0,0,0,0,2,1,0
Bartonella,0,0,0,0,0,0,0,0,0,1,0
Bosea,2,2,0,0,3,6,2,0,2,0,1
Pleomorphomonas,0,0,0,0,0,0,0,0,0,0,0
Acuticoccus,0,0,0,0,0,0,0,0,0,0,0
Acidisoma,0,0,0,0,0,0,0,0,0,0,0
Acidibrevibacterium,0,0,0,0,0,0,0,0,0,0,0
Roseomonas,4,1,2,4,9,3,1,3,8,0,4
Gluconobacter,0,0,0,0,0,0,0,0,0,0,0
Aristophania,0,0,0,0,0,0,0,0,0,0,0
Acetobacter,2,2,1,2,0,3,1,2,3,0,2
Rhodovastum,0,0,0,0,0,0,0,0,0,0,0
Granulibacter,0,0,0,0,0,0,0,0,0,0,0
Komagataeibacter,0,0,0,1,0,0,0,0,0,0,0
Novacetimonas,0,0,0,0,0,0,0,0,0,0,0
Neokomagataea,0,0,0,0,0,0,0,0,0,0,0
Gluconacetobacter,0,0,0,0,0,0,0,0,0,0,0
Oecophyllibacter,0,0,0,0,0,0,0,0,0,0,0
Acidiphilium,1,0,0,0,1,1,0,1,1,0,1
Hypericibacter,4,7,1,9,9,5,2,7,10,2,6
Defluviicoccus,0,0,0,0,0,0,0,0,0,0,0
Ferrovibrio,0,0,0,0,0,0,0,0,0,0,0
Rhodospirillum,0,0,0,0,0,0,0,0,0,0,0
Candidatus Endolissoclinum,0,0,0,0,0,0,0,0,0,0,0
Magnetospirillum,1,4,0,1,4,0,0,1,5,0,1
Skermanella,9,8,3,4,7,6,0,5,13,2,3
Azospirillum,1,0,0,1,1,0,0,0,0,0,0
Stella,0,0,0,0,0,0,0,0,0,0,0
Tistrella,0,0,0,0,0,0,0,0,0,0,0
Sphingomonas,1,0,0,1,1,0,0,0,0,0,1
Parasphingopyxis,1,0,0,0,0,0,0,0,0,0,0
Sandaracinobacteroides,0,0,0,0,0,0,0,0,0,0,0
Erythrobacter,0,0,0,0,0,0,0,0,0,0,0
Wolbachia,0,0,0,0,0,0,0,0,1,0,0
Anaplasma,1,1,0,1,1,0,0,0,0,0,0
Candidatus Midichloria,0,0,0,0,0,0,0,0,0,0,0
Rickettsia,0,0,0,0,1,0,0,0,1,0,0
Candidatus Cytomitobacter,0,1,0,0,1,0,0,0,3,0,0
Candidatus Nesciobacter,0,0,0,0,0,0,0,0,0,0,0
Paracoccus,0,0,0,0,0,0,0,0,0,0,0
Frigidibacter,0,0,0,0,0,0,0,0,0,0,0
Thioclava,0,0,0,0,0,0,0,0,0,0,0
Parasedimentitalea,0,0,0,0,0,0,0,0,0,0,0
Tabrizicola,0,0,0,0,0,0,0,0,0,0,0
Phenylobacterium,0,1,0,0,0,1,0,0,0,0,0
Caulobacter,0,0,0,0,0,0,0,0,0,1,1
Hyphomonas,1,0,0,0,0,0,0,0,0,0,0
Candidatus Pelagibacter,0,0,0,0,0,0,0,0,0,0,0
Cupriavidus,17,22,7,6,23,15,4,10,23,11,9
Burkholderia,4,3,0,0,3,4,1,0,5,1,0
Paraburkholderia,6,9,1,1,2,2,4,6,14,2,6
Polynucleobacter,1,6,1,2,0,2,0,3,2,3,2
Ralstonia,1,0,0,0,0,0,0,0,0,0,0
Lautropia,0,0,0,0,0,0,0,0,0,0,0
Pandoraea,1,1,0,1,0,0,0,0,1,0,0
Mycoavidus,0,0,0,1,1,0,0,0,0,0,0
Caballeronia,1,1,0,1,1,5,2,0,9,2,0
Comamonas,2,1,1,0,1,0,1,2,3,1,0
Variovorax,2,1,0,0,1,3,0,2,1,0,1
Kinneretia,0,0,0,0,0,0,0,0,0,0,0
Rhodoferax,0,1,0,1,1,1,2,0,0,0,0
Polaromonas,3,5,0,0,0,0,1,0,1,0,1
Ramlibacter,0,0,0,0,0,0,0,0,0,0,0
Alicycliphilus,0,0,0,0,0,0,0,0,0,0,0
Simplicispira,0,0,0,0,0,0,0,0,0,0,0
Candidatus Symbiobacter,0,0,0,0,0,0,0,0,0,0,0
Ottowia,0,2,0,0,1,3,0,1,3,1,0
Diaphorobacter,1,0,0,0,0,0,0,0,0,0,0
Verminephrobacter,0,0,0,0,0,0,0,0,0,0,0
Basilea,0,0,0,0,0,0,0,0,0,0,0
Bordetella,0,0,2,0,1,1,0,0,1,0,2
Achromobacter,1,2,0,0,1,0,0,1,0,0,0
Pigmentiphaga,0,0,0,0,0,0,0,0,0,1,0
Orrella,0,0,0,0,0,0,0,0,0,0,0
Alcaligenes,0,0,0,0,0,0,0,0,0,0,0
Oligella,0,0,0,0,1,1,0,0,2,0,0
Oxalobacter,0,0,0,0,0,1,0,0,0,0,0
Massilia,1,1,0,0,2,4,3,5,14,2,4
Rugamonas,0,0,0,0,0,0,0,0,0,0,0
Janthinobacterium,0,0,0,0,0,0,1,1,3,0,0
Collimonas,0,0,0,0,0,0,1,1,0,0,1
Thiomonas,2,8,0,2,3,5,2,4,13,0,2
Tepidimonas,0,0,0,0,0,0,0,0,0,0,0
Rhizobacter,0,0,0,0,0,0,0,0,0,0,0
Sutterella,0,0,0,1,1,0,0,0,0,0,1
Piscinibacter,0,0,0,0,0,0,0,0,0,0,0
Ideonella,0,0,0,0,0,0,0,0,0,0,0
Methylibium,1,0,0,1,0,1,0,0,1,0,1
Sideroxydans,0,0,0,0,0,0,0,0,0,0,0
Candidatus Nitrotoga,3,1,0,0,3,4,0,0,2,1,0
Ferrigenium,0,0,0,0,0,0,0,0,0,0,0
Gallionella,0,0,0,0,0,0,0,0,0,0,0
Sideroxyarcus,0,0,0,0,0,0,0,0,0,0,0
Nitrosomonas,4,6,1,4,4,2,0,3,9,3,1
Nitrosospira,0,0,0,1,0,0,0,0,0,0,1
Usitatibacter,1,3,0,0,2,0,1,0,0,0,0
Denitratisoma,0,0,0,0,0,0,0,0,0,0,0
Sulfuritalea,0,0,0,0,0,0,0,0,0,0,0
Sulfuriferula,1,1,0,0,0,0,0,0,0,0,1
Sulfurimicrobium,0,0,0,0,0,0,0,0,0,0,0
Thiobacillus,0,0,0,0,0,0,0,0,0,0,0
Sulfuritortus,0,0,0,0,0,0,0,0,0,0,0
Methylobacillus,0,0,0,0,0,0,0,0,0,0,0
Methyloradius,0,0,0,0,0,0,0,0,0,0,0
Niveibacterium,0,0,0,0,0,0,0,0,0,0,0
Azospira,0,0,0,0,0,1,0,0,1,0,0
Pseudazoarcus,0,0,0,0,0,0,0,0,0,0,0
Fluviibacter,0,0,0,0,0,0,0,0,0,0,0
Neisseria,0,0,1,1,0,1,1,0,1,0,0
Alysiella,0,0,0,0,0,0,0,0,0,0,0
Iodobacter,0,0,0,0,0,0,0,0,0,0,0
Chitinibacter,0,0,0,0,0,1,0,0,0,0,0
Chitinimonas,0,0,1,1,0,0,0,1,0,0,0
Candidatus Profftella,0,0,0,0,0,0,0,0,0,0,0
Escherichia,0,0,0,0,0,0,0,0,0,0,0
Klebsiella,0,1,1,1,1,0,0,0,0,0,0
Enterobacter,2,0,0,0,0,0,0,0,0,0,1
Salmonella,0,0,0,0,0,0,0,0,0,0,0
Citrobacter,0,0,0,0,0,0,0,0,0,0,0
Candidatus Moranella,0,0,0,0,0,0,0,0,0,0,0
Arsenophonus,2,0,1,0,0,2,0,0,0,0,0
Morganella,0,0,0,0,0,0,0,0,0,0,0
Proteus,0,0,0,0,0,0,0,0,0,0,0
Serratia,0,0,0,0,0,0,1,2,0,1,0
Yersinia,0,0,0,0,0,0,0,0,0,0,0
Brenneria,0,0,0,0,0,0,0,0,0,0,0
Pectobacterium,0,0,0,0,0,0,0,0,0,0,0
Erwinia,0,0,0,0,0,0,0,0,0,0,0
Stenotrophomonas,0,0,0,0,1,0,0,0,1,0,0
Pseudolysobacter,0,0,0,0,0,0,0,0,0,0,0
Lysobacter,0,2,1,2,0,3,0,1,3,0,3
Xanthomonas,0,0,0,0,0,0,0,0,0,0,0
Xylella,0,0,0,0,0,0,0,0,0,0,0
Luteimonas,0,0,0,0,1,0,0,0,1,0,0
Dokdonella,0,0,0,0,0,0,0,0,0,0,0
Tahibacter,0,0,0,0,0,0,0,0,0,0,0
Steroidobacter,0,0,0,0,0,0,0,0,0,0,0
Sinimarinibacterium,0,0,0,0,0,0,0,0,0,0,0
Flagellatimonas,0,0,0,0,0,0,0,0,0,0,0
Vibrio,1,1,1,1,1,2,0,1,1,0,0
Photobacterium,0,0,0,0,0,0,2,2,2,0,0
Candidatus Nitrosacidococcus,2,1,1,2,1,2,0,1,0,0,1
Candidatus Nitrosoglobus,0,0,0,0,0,0,0,0,0,0,0
Caldichromatium,0,0,0,0,0,0,0,0,0,0,0
Halorhodospira,0,0,0,0,0,0,0,0,0,0,0
Woeseia,0,0,0,0,0,0,0,0,0,0,0
Guyparkeria,0,0,0,0,0,0,0,0,0,0,0
Acidiferrobacter,6,2,0,0,1,2,2,0,6,1,1
Sulfuricaulis,0,0,0,0,0,0,0,0,0,0,0
Rickettsiella,1,0,0,1,0,0,0,0,0,0,0
Aquicella,2,1,3,0,0,2,0,0,2,1,0
Legionella,0,3,1,0,1,0,0,1,1,0,1
Halomonas,2,1,2,3,0,0,0,1,4,0,0
Marinobacterium,1,0,0,0,0,0,0,0,1,0,0
Acinetobacter,0,2,2,2,2,0,0,1,1,0,3
Pseudoalteromonas,0,0,1,0,0,0,0,0,0,0,0
Alteromonas,0,0,0,0,0,0,0,0,0,0,0
Shewanella,0,0,0,0,0,0,0,0,0,0,0
Pseudomonas,0,2,1,0,5,2,0,1,6,3,2
Methylomonas,2,0,0,0,0,1,0,0,0,0,0
Methylomarinovum,0,0,0,0,0,0,0,0,0,0,0
Aeromonas,1,0,0,0,1,0,0,0,0,0,0
Pasteurella,0,0,0,0,0,0,0,0,0,0,0
Haemophilus,0,0,0,0,0,0,0,0,0,0,0
Mergibacter,0,0,0,0,0,0,0,0,0,0,0
Cellvibrio,0,0,0,0,0,0,0,0,0,0,0
Candidatus Paraluminiphilus,0,0,0,0,0,0,0,0,0,0,0
Microbulbifer,1,0,0,1,0,0,0,0,0,0,0
Wohlfahrtiimonas,0,0,0,0,0,0,0,0,0,0,0
Francisella,0,0,1,0,0,0,0,0,0,0,0
Candidatus Vesicomyosocius,0,0,0,0,1,0,0,0,0,0,0
Acidithiobacillus,12,9,4,4,20,15,4,14,31,8,4
Telmatocola,0,0,0,0,0,0,0,0,0,0,0
Limnoglobus,0,0,0,0,0,0,0,0,0,0,0
Gemmata,9,14,0,3,7,6,6,7,11,7,5
Urbifossiella,0,0,0,0,0,0,0,0,0,0,0
Tuwongella,0,0,0,0,0,0,0,0,0,0,0
Frigoriglobus,0,0,0,0,0,0,0,0,0,0,0
Aquisphaera,0,0,0,0,0,0,0,0,0,0,0
Singulisphaera,0,0,0,0,0,0,0,0,0,0,0
Paludisphaera,0,0,0,0,0,0,0,0,0,0,0
Tautonia,0,0,0,0,0,0,0,0,0,0,0
Isosphaera,0,0,0,0,0,0,0,0,0,0,0
Planctomyces,0,0,0,0,0,0,0,0,0,0,0
Gimesia,1,1,0,0,0,1,0,1,3,0,0
Fuerstiella,0,0,0,0,0,0,0,0,0,0,0
Alienimonas,0,0,0,0,0,0,0,0,0,0,0
Caulifigura,0,0,0,0,0,0,0,0,0,0,0
Thalassoglobus,0,0,0,0,0,0,0,0,0,0,0
Calycomorphotria,0,0,0,0,0,0,0,0,0,0,0
Symmachiella,0,0,0,0,0,0,0,0,0,0,0
Pirellula,0,0,1,0,0,0,0,0,0,0,0
Anatilimnocola,0,0,0,0,0,0,0,0,0,0,0
Bremerella,2,0,0,0,0,0,0,1,1,0,1
Rosistilla,0,2,0,0,3,0,0,0,1,0,2
Mariniblastus,0,0,0,0,0,0,0,0,0,0,0
Aureliella,0,0,0,0,0,0,0,0,0,0,0
Aeoliella,0,0,0,0,0,0,0,0,0,0,0
Adhaeretor,0,0,0,0,0,0,0,0,0,0,0
Thermogutta,0,0,0,0,0,0,0,0,0,0,0
Humisphaera,0,0,0,0,0,0,0,0,0,0,0
Mucisphaera,0,0,0,0,0,0,0,0,0,0,0
Phycisphaera,0,0,0,0,0,0,0,0,0,0,0
Poriferisphaera,0,0,0,0,0,0,0,0,0,0,0
Limihaloglobus,0,0,0,0,0,0,0,0,0,0,0
Sedimentisphaera,1,0,1,0,0,0,0,0,0,0,0
Anaerohalosphaera,0,0,0,0,0,0,0,0,0,0,0
Candidatus Kuenenia,0,0,0,0,0,0,0,0,0,0,0
Candidatus Uabimicrobium,0,0,0,0,0,0,0,0,0,0,0
Fontisphaera,0,0,0,0,0,0,0,0,0,0,0
Verrucomicrobium,1,0,1,0,0,0,0,0,1,0,1
Luteolibacter,2,0,1,0,0,1,0,0,2,0,2
Roseimicrobium,0,0,0,0,0,0,0,0,0,0,0
Akkermansia,2,1,1,2,0,1,0,0,2,0,2
Ereboglobus,0,0,0,0,0,0,0,0,0,0,0
Opitutus,0,0,0,0,0,0,0,0,1,0,0
Horticoccus,0,0,0,0,0,0,0,0,0,0,0
Nibricoccus,0,0,0,0,0,0,0,0,0,0,0
Coraliomargarita,0,0,0,0,0,0,0,0,0,0,0
Candidatus Xiphinematobacter,0,0,0,0,0,0,0,0,0,0,0
Methylacidimicrobium,0,0,0,0,0,0,0,0,0,0,0
Methylacidiphilum,1,0,0,0,0,0,0,0,0,1,0
Candidatus Velamenicoccus,0,0,0,0,0,0,0,0,0,0,0
Candidatus Koribacter,0,0,0,0,0,0,0,0,0,0,0
Occallatibacter,0,0,0,0,0,0,0,0,0,0,0
Acidisarcina,0,0,0,0,0,0,0,0,0,0,0
Edaphobacter,1,1,0,0,2,1,1,1,3,0,1
Terriglobus,0,2,2,0,0,0,0,0,1,1,0
Acidobacterium,0,0,0,0,0,0,0,0,0,0,0
Granulicella,0,1,0,0,1,0,0,0,1,0,1
Paludibaculum,0,0,0,0,0,0,0,0,0,0,0
Luteitalea,111,117,43,116,91,87,55,63,233,44,56
Geothrix,7,7,0,5,8,7,1,2,8,2,3
Sulfidibacter,0,0,0,0,0,0,0,0,0,0,0
Chloracidobacterium,7,5,2,5,6,3,3,2,14,2,0
Niabella,0,0,0,0,0,0,0,0,0,0,0
Ferruginibacter,0,0,0,1,0,0,0,0,2,0,0
Chitinophaga,4,10,1,3,9,2,1,3,20,4,5
Paraflavitalea,0,0,0,0,0,0,0,0,0,0,0
Thermoflavifilum,0,0,0,0,0,0,0,0,0,0,0
Flavisolibacter,1,2,0,0,1,1,0,2,4,0,1
Niastella,0,0,0,0,0,0,0,0,0,0,0
Panacibacter,0,0,0,0,0,0,0,0,0,0,0
Sediminibacterium,0,0,0,0,0,0,0,0,0,0,0
Pseudobacter,0,0,0,0,0,0,0,0,0,0,0
Flavihumibacter,0,2,1,0,2,3,1,1,3,0,1
Lacibacter,0,0,0,0,0,0,0,0,0,0,0
Arachidicoccus,1,0,0,1,1,0,2,2,2,0,0
Muribaculum,0,0,0,0,0,0,0,0,0,0,0
Parabacteroides,2,2,0,1,2,3,0,0,4,0,0
Bacteroides,1,0,0,0,1,0,0,0,0,0,0
Alistipes,2,1,0,0,1,0,0,0,0,1,0
Butyricimonas,2,3,0,0,2,0,0,0,1,1,0
Prevotella,1,0,0,0,0,0,0,1,2,0,0
Paludibacter,0,0,0,0,0,0,0,0,0,0,0
Flavobacterium,2,0,0,1,0,0,0,0,3,1,2
Capnocytophaga,1,1,0,0,1,0,0,0,4,2,0
Blattabacterium,2,3,0,1,2,1,1,2,6,2,1
Candidatus Karelsulcia,0,0,0,0,0,0,0,0,0,0,0
Owenweeksia,0,0,0,0,0,0,0,0,0,0,0
Chryseobacterium,0,0,0,0,0,1,0,0,1,0,0
Adhaeribacter,0,0,0,0,0,0,0,0,0,0,0
Pontibacter,0,0,0,0,0,1,1,1,5,0,1
Rhodocytophaga,0,0,0,0,0,0,0,0,0,0,0
Tellurirhabdus,0,0,0,0,0,0,0,0,0,0,0
Fulvivirga,0,0,0,0,0,0,0,0,1,0,0
Chryseolinea,0,0,0,0,0,0,0,0,0,0,0
Emticicia,1,0,0,0,0,0,0,0,1,0,0
Arcticibacterium,0,0,0,0,0,0,0,0,0,0,0
Candidatus Amoebophilus,0,0,0,0,0,0,0,0,0,0,0
Tunicatimonas,0,0,0,0,0,0,0,0,0,0,0
Marivirga,1,0,0,0,0,0,0,0,0,0,0
Saprospira,2,1,0,0,4,0,2,0,4,1,0
Aureispira,0,0,0,0,0,0,0,0,0,0,0
Anseongella,0,0,0,0,0,0,0,0,0,0,0
Pedobacter,1,0,0,0,0,2,0,0,0,0,1
Olivibacter,0,0,0,0,0,0,0,0,0,0,0
Mucilaginibacter,0,0,0,0,1,0,1,1,3,1,0
Solitalea,1,0,0,0,0,0,0,0,0,0,0
Candidatus Sulfidibacterium,0,0,0,0,0,0,0,0,0,0,0
Gemmatimonas,4,2,1,5,2,8,0,3,8,0,1
Gemmatirosa,0,0,0,0,0,0,0,0,0,0,0
Sorangium,6,5,4,5,11,3,0,5,11,2,3
Chondromyces,0,0,0,0,0,0,0,0,0,0,0
Pajaroellobacter,0,0,0,0,0,0,0,0,0,0,0
Polyangium,0,0,0,0,0,0,0,0,0,0,0
Labilithrix,0,0,0,0,0,0,0,0,0,0,0
Sandaracinus,0,0,0,0,0,0,0,0,0,0,0
Haliangium,0,0,0,0,0,0,0,0,0,0,0
Nannocystis,0,0,0,0,0,0,0,0,0,0,0
Anaeromyxobacter,8,3,2,3,1,2,2,1,2,1,0
Stigmatella,0,0,0,0,0,0,0,0,0,0,0
Cystobacter,0,0,0,0,0,0,0,0,0,0,0
Myxococcus,0,1,0,0,0,1,2,0,1,0,0
Geobacter,8,1,0,5,8,1,1,1,4,1,2
Geotalea,0,0,0,0,0,0,0,0,0,0,0
Trichlorobacter,0,5,2,3,4,2,1,2,7,2,0
Geomonas,2,4,0,0,1,1,0,1,4,3,0
Citrifermentans,1,0,0,0,2,0,0,0,0,0,0
Syntrophotalea,0,0,0,0,1,0,0,0,1,0,1
Desulfuromonas,0,0,0,0,0,0,0,0,0,0,0
Desulfobacca,0,0,0,0,0,0,0,0,0,0,0
Syntrophus,0,0,0,0,0,0,0,0,0,0,0
Desulfatibacillum,0,0,0,0,0,0,0,0,0,0,0
Desulfosarcina,0,0,0,0,0,0,0,0,0,0,0
Desulfobulbus,1,0,0,0,0,0,0,0,0,0,0
Desulfurivibrio,0,0,0,0,0,0,0,0,0,0,0
Desulfocapsa,0,0,0,0,0,0,0,0,0,0,0
Desulfovibrio,0,0,0,0,0,0,0,0,0,0,0
Paradesulfovibrio (ex Waite et al. 2020),0,0,0,0,0,0,0,0,0,0,0
Desulfoglaeba,0,0,0,0,0,0,0,0,0,0,0
Candidatus Desulfofervidus,0,0,0,0,0,0,0,0,0,0,0
Desulfomonile,0,0,0,0,0,0,0,0,0,0,0
Nitrospira,13,12,5,11,10,12,4,3,20,2,5
Leptospirillum,19,22,7,12,43,21,12,12,42,6,2
Dissulfurispira,0,0,0,0,0,0,0,0,0,0,0
Treponema,1,2,0,0,0,2,0,0,2,0,0
Candidatus Babela,0,0,0,0,0,0,0,0,0,0,0
Candidatus Chromulinivorax,0,0,0,0,0,0,0,0,0,0,0
Candidatus Absconditicoccus,0,0,0,0,0,0,0,0,0,0,0
Bacteriovorax,0,0,0,0,0,0,0,0,0,0,0
Halobacteriovorax,0,0,0,0,0,0,0,0,0,0,0
Bdellovibrio,1,0,0,0,0,0,0,0,0,0,0
Fervidobacterium,1,0,0,0,0,0,0,0,0,0,0
Aminomonas,0,0,0,0,0,0,0,0,0,0,0
Salisediminibacterium,0,1,0,0,0,0,1,0,3,0,0
Mangrovibacillus,0,0,0,0,0,0,0,0,0,0,0
Pseudalkalibacillus,0,0,0,0,0,0,0,0,0,0,0
Anaerobacillus,0,0,0,0,0,0,0,0,0,0,0
Kurthia,0,0,0,0,0,0,0,0,0,0,0
Ureibacillus,0,0,0,0,0,0,0,0,1,0,0
Paenisporosarcina,0,0,0,0,0,0,0,0,0,0,0
Macrococcus,0,0,0,0,0,0,0,0,0,0,0
Kyrpidia,0,1,0,0,0,0,0,0,0,0,0
Alicyclobacillus,0,0,0,0,0,1,0,0,0,0,1
Acetilactobacillus,0,0,0,0,0,0,0,0,0,0,0
Vagococcus,0,0,0,0,0,0,0,0,0,0,0
Aerococcus,0,0,0,0,0,0,0,0,0,0,0
Jeotgalibaca,0,0,0,0,0,0,0,0,0,0,0
Oceanirhabdus,0,0,0,0,0,0,0,0,0,0,0
Proteiniclasticum,0,0,0,0,0,0,0,0,0,0,0
Serpentinicella,0,0,0,0,0,0,0,0,0,0,0
Paeniclostridium,0,0,0,0,0,0,0,0,0,0,0
Filifactor,0,0,0,0,0,0,0,0,0,0,0
Acetoanaerobium,0,0,0,0,0,0,0,0,0,0,0
Terrisporobacter,0,1,0,0,0,0,0,1,0,0,0
Lawsonibacter,0,0,0,0,0,0,0,0,0,0,0
Vescimonas,0,1,1,0,3,0,0,0,0,0,0
Anaerotruncus,0,0,0,0,0,0,0,0,0,0,0
Anaerotignum,0,0,0,0,0,0,0,0,0,0,0
Anaerostipes,0,0,0,0,0,0,0,0,0,0,0
Candidatus Formimonas,0,0,0,0,0,0,0,0,0,0,0
Proteiniborus,0,0,0,0,0,0,0,0,0,0,0
Symbiobacterium,0,0,0,0,0,0,0,0,0,0,0
Alkalibacter,0,0,0,0,0,0,0,0,0,0,0
Aristaeella,0,0,0,0,0,0,0,1,0,0,0
Cellulosilyticum,0,1,0,0,0,0,1,2,1,0,0
Thermincola,0,0,0,0,0,0,0,0,0,0,0
Carboxydothermus,0,0,0,0,0,0,0,0,0,0,0
Biomaibacter,0,0,0,0,0,0,0,0,0,0,0
Thermanaeromonas,0,0,0,0,0,0,0,0,0,0,0
Megasphaera,0,0,0,0,0,1,0,0,0,0,0
Erysipelothrix,0,0,0,0,0,0,0,0,0,0,0
Allobaculum,0,0,0,0,0,0,0,0,0,0,0
Peptoniphilus,0,0,0,0,0,0,0,0,0,0,0
Anaerococcus,0,1,0,1,0,0,0,0,0,0,1
Psychromicrobium,0,0,0,0,0,0,0,0,0,0,0
Nesterenkonia,0,1,0,0,0,0,0,0,0,0,0
Auritidibacter,0,0,0,0,0,0,0,0,0,0,0
Clavibacter,0,0,0,0,0,0,0,0,0,0,0
Couchioplanes,0,0,0,0,0,0,0,0,0,0,0
Actinocatenispora,0,1,0,0,1,0,0,0,1,0,1
Arcanobacterium,0,1,0,0,0,0,0,0,0,0,0
Actinopolyspora,0,0,0,0,0,0,0,0,0,0,0
Thermoleophilum,0,0,0,0,0,0,0,0,0,0,0
Aquihabitans,0,0,0,0,0,0,0,0,0,0,0
Dermatobacter,0,0,0,0,0,0,0,0,0,0,0
Acidimicrobium,0,0,0,0,0,0,0,0,0,0,0
Thermophilibacter,0,0,0,0,0,0,0,0,0,0,0
Egibacter,0,0,0,0,0,0,0,0,0,0,0
Nostoc,0,0,0,0,0,0,0,0,0,0,0
Chondrocystis,0,0,0,0,0,0,0,0,0,0,0
Tepidiforma,0,0,0,2,0,1,0,0,1,0,0
Phototrophicus,0,0,0,0,0,0,0,0,0,0,0
Fimbriimonas,0,0,0,0,0,0,0,0,0,0,0
Spiroplasma,0,1,0,0,0,0,0,0,0,0,0
Deinococcus,0,1,0,0,0,0,0,0,0,0,0
Agrobacterium,0,0,0,0,0,0,0,0,0,0,0
Pararhizobium,0,0,0,0,0,0,0,0,0,0,0
Georhizobium,0,0,0,0,0,0,0,0,0,0,0
Methylorubrum,0,0,0,0,0,0,0,0,0,0,0
Pelagibacterium,0,0,0,0,1,0,0,0,0,0,0
Breoghania,0,0,0,0,0,0,0,0,0,0,0
Lichenihabitans,0,2,0,1,0,0,0,0,0,0,0
Candidatus Phaeomarinobacter,0,0,0,0,0,0,0,0,0,0,0
Phreatobacter,0,0,0,0,0,0,0,0,0,0,0
Elioraea,0,0,0,0,0,0,0,0,0,0,0
Nisaea,0,0,0,0,0,0,0,0,0,0,0
Actibacterium,0,0,0,0,0,0,0,0,0,0,0
Ponticoccus,0,0,0,0,0,0,0,0,0,0,0
Novosphingobium,0,0,0,0,0,0,0,0,0,0,1
Sphingomicrobium,0,0,0,0,0,0,0,0,0,0,0
Neorickettsia,0,2,0,0,0,0,1,1,0,0,0
Candidatus Nucleicultrix,0,0,0,0,0,0,0,0,0,0,0
Kordiimonas,0,0,0,0,0,0,0,0,0,0,0
Candidatus Vallotia,0,1,1,0,0,0,0,0,0,1,0
Delftia,0,0,0,0,0,0,0,0,0,0,0
Hydrogenophaga,0,0,0,0,0,0,0,0,0,0,0
Duganella,0,0,0,0,0,0,0,0,0,0,0
Pseudoduganella,0,1,0,0,0,0,1,0,3,0,0
Herbaspirillum,0,0,0,0,3,1,1,2,9,1,2
Undibacterium,0,0,0,0,0,0,0,0,0,0,0
Pusillimonas,0,0,0,0,0,0,0,0,0,0,0
Candidatus Ichthyocystis,0,0,0,0,0,0,0,0,0,0,0
Aquabacterium,0,0,0,0,0,0,0,0,0,0,0
Eleftheria,0,0,0,0,0,0,0,0,0,0,0
Sphaerotilus,0,1,0,0,0,0,0,0,0,0,0
Rubrivivax,0,0,0,0,0,0,0,0,0,0,0
Sulfuricystis,0,2,0,0,0,0,0,0,0,0,0
Sterolibacterium,0,0,0,0,0,0,0,0,0,0,0
Sulfuricella,0,0,0,0,0,0,0,0,0,0,0
Vitreoscilla,0,0,0,0,0,0,0,0,0,0,0
Kingella,0,0,0,0,0,0,0,0,0,0,0
Jeongeupia,0,0,0,0,0,0,0,0,0,0,0
Candidatus Nasuia,0,0,0,0,0,0,0,0,0,0,0
Casimicrobium,0,0,0,0,0,0,0,0,0,0,0
Providencia,0,0,0,0,1,0,0,0,0,0,0
Dickeya,0,0,0,0,0,0,0,0,0,0,0
Wigglesworthia,0,0,0,0,0,0,0,0,0,0,0
Arenimonas,0,0,0,0,0,0,0,0,0,0,0
Nitrosococcus,0,0,0,1,1,0,0,0,0,0,0
Thiodictyon,0,0,0,0,0,0,0,0,0,0,0
Acidihalobacter,0,0,0,0,0,0,0,0,0,0,0
Thioalkalivibrio,0,1,0,1,0,0,0,3,4,0,0
Thiohalobacter,0,1,0,0,0,0,0,0,1,0,0
Coxiella,0,0,0,0,0,0,0,0,0,0,0
Sulfurifustis,0,0,0,0,0,0,0,0,0,0,0
Alkalimarinus,0,0,0,0,0,0,0,0,0,0,0
Mannheimia,0,0,0,0,0,0,0,0,0,0,0
Aggregatibacter,0,0,0,0,0,0,0,0,0,0,0
Avibacterium,0,0,0,0,0,0,0,0,0,0,0
Marinimicrobium,0,0,0,0,0,0,0,0,0,0,0
Immundisolibacter,0,0,0,0,0,0,0,0,0,0,0
Ignatzschineria,0,0,0,0,0,0,0,0,0,0,0
Planctopirus,0,2,0,6,0,1,0,0,2,1,0
Stratiformator,0,0,0,0,0,0,0,0,0,0,0
Blastopirellula,0,0,0,0,0,0,0,0,0,0,0
Rubripirellula,0,0,0,0,0,0,0,0,0,0,0
Bythopirellula,0,0,0,0,0,0,0,0,0,0,0
Lacipirellula,0,0,0,0,0,0,0,0,0,0,0
Lacunisphaera,0,0,0,0,0,0,0,0,0,0,0
Chlamydiifrater,0,1,0,0,0,0,0,0,0,0,0
Filimonas,0,0,0,0,0,0,0,0,0,0,0
Longitalea,0,0,0,0,0,0,0,0,0,0,0
Paramuribaculum,0,0,0,0,0,0,0,0,0,0,0
Salinivirga,0,0,0,0,0,0,0,0,0,0,0
Porphyromonas,0,0,0,0,0,0,0,0,0,0,0
Draconibacterium,0,1,0,0,0,0,2,0,2,1,0
Maribellus,0,0,0,0,0,0,0,0,0,0,0
Robiginitalea,0,0,0,0,0,0,0,0,0,0,0
Olleya,0,0,0,0,0,0,0,0,0,0,0
Amniculibacterium,0,0,0,0,0,0,0,0,0,0,0
Bergeyella,0,0,0,0,0,0,0,0,0,0,0
Riemerella,0,0,0,0,0,0,0,0,0,0,0
Ichthyobacterium,0,0,0,0,0,0,0,0,0,0,0
Paracrocinitomix,0,0,0,0,0,0,0,0,0,0,0
Dyadobacter,0,0,0,0,1,0,0,0,1,0,1
Fibrella,0,0,0,0,0,0,0,0,0,0,0
Flammeovirga,0,1,0,0,0,0,0,0,1,0,0
Persicobacter,0,0,0,0,0,0,0,0,0,0,0
Rhodothermus,0,0,0,0,0,0,0,0,0,0,0
Rhodocaloribacter,0,0,0,0,0,0,0,0,0,0,0
Ignavibacterium,0,1,0,0,0,1,0,0,0,0,0
Geoalkalibacter,0,0,0,0,0,0,0,0,0,0,0
Pelobacter,0,0,0,0,0,0,0,0,0,0,0
Desulfosediminicola,0,1,0,0,0,0,0,0,0,0,0
Syntrophobacter,0,0,0,0,0,0,0,0,0,0,0
Desulfobacula,0,0,0,0,0,0,0,0,0,0,0
Desulfarculus,0,0,0,0,0,0,0,0,0,0,0
Corallococcus,0,0,1,0,0,0,0,0,0,0,0
Vulgatibacter,0,0,0,0,0,0,0,0,0,0,0
Candidatus Nanosynbacter,0,0,0,0,0,0,0,0,1,0,0
Nitratiruptor,0,1,0,1,1,0,0,0,0,0,0
Nitrosophilus,0,1,0,0,0,0,0,0,0,0,0
Sulfuricurvum,0,0,0,0,0,0,0,0,0,0,0
Leptotrichia,0,0,0,0,0,0,0,0,0,0,0
Aminobacterium,0,1,0,0,0,0,0,0,0,0,0
Homo,0,0,0,0,0,0,0,0,0,0,0
Paraliobacillus,0,0,0,0,0,0,0,0,0,0,0
Evansella,0,0,0,0,0,0,0,0,0,0,0
Siminovitchia,0,0,0,0,0,0,0,0,0,0,0
Terribacillus,0,0,0,0,0,0,0,0,0,0,0
Sporolactobacillus,0,0,0,0,0,0,0,0,0,0,0
Fructilactobacillus,0,0,1,1,0,0,0,1,2,1,0
Crassaminicella,0,0,0,0,0,0,0,0,0,0,0
Paraclostridium,0,0,0,0,0,0,0,0,0,0,0
Peptoclostridium,0,0,0,0,0,0,0,0,0,0,0
Petroclostridium,0,0,0,0,0,0,0,0,0,0,0
Ornithinimicrobium,0,0,0,0,0,0,0,0,0,0,0
Gephyromycinifex,0,0,0,0,0,0,0,0,0,0,0
Nocardia,0,0,0,0,0,0,0,0,0,0,0
Amycolatopsis,0,0,1,0,0,0,0,0,0,0,0
Saccharopolyspora,0,0,1,0,0,0,0,0,0,0,0
Nocardiopsis,0,0,0,0,0,0,0,0,0,0,0
Allocoleopsis,0,0,0,0,0,0,0,0,0,0,0
Crinalium,0,0,0,0,0,0,0,0,0,0,0
Brasilonema,0,0,0,0,0,0,0,0,0,0,0
Kaistia,0,0,0,0,0,0,0,0,0,0,0
Acidocella,0,0,0,0,0,0,0,0,0,0,0
Neotabrizicola,0,0,0,0,0,0,0,0,0,0,0
Candidatus Doolittlea,0,0,0,0,0,0,0,0,0,0,0
Xenorhabdus,0,0,0,0,0,0,0,0,0,0,0
Alkalilimnicola,0,0,0,0,0,0,0,0,0,0,0
Pseudoxanthomonas,0,0,0,0,0,1,0,0,0,0,0
Actinobacillus,0,0,0,0,0,0,0,0,0,0,0
Kangiella,0,0,1,0,0,1,0,0,1,0,0
Aquella,0,0,0,0,0,0,0,0,0,0,0
Lignipirellula,0,0,0,0,0,0,0,0,0,0,0
Sulfuriroseicoccus,0,0,0,0,0,0,0,0,0,0,0
Candidatus Rhabdochlamydia,0,0,1,0,0,0,0,0,0,0,0
Lentisphaera,0,0,0,0,0,0,0,0,0,0,0
Alloacidobacterium,0,0,0,0,0,0,0,0,0,0,0
Myroides,0,0,0,0,0,0,0,0,0,0,0
Proteiniphilum,0,0,0,0,0,0,0,0,0,0,0
Sphingobacterium,0,0,1,0,0,0,0,0,1,0,0
Candidatus Bipolaricaulis,0,0,0,0,0,0,0,0,0,0,0
Candidatus Minimicrobia,0,0,0,0,0,0,0,0,0,0,0
Starkeya,0,0,0,0,0,0,0,0,0,0,0
Pseudorhizobium,0,0,0,1,0,0,0,0,1,0,0
Hartmannibacter,0,0,0,0,0,0,0,0,0,0,0
Pararhodospirillum,0,0,0,0,0,0,0,0,0,0,0
Haematospirillum,0,0,0,0,0,0,0,0,0,0,0
Varunaivibrio,0,0,0,0,0,0,0,0,0,0,0
Zymomonas,0,0,0,0,0,0,0,0,0,0,0
Tateyamaria,0,0,0,0,0,0,0,0,0,0,0
Candidatus Bandiella,0,0,0,0,0,0,0,0,0,0,0
Candidatus Paracaedibacter,0,0,0,0,0,0,0,0,0,0,0
Sulfurivermis,0,0,0,0,0,0,0,0,0,0,0
Moraxella,0,0,0,1,1,0,2,0,0,0,0
Endozoicomonas,0,0,0,2,0,0,0,0,1,0,0
Ahniella,0,0,0,0,0,0,0,0,0,0,0
Moritella,0,0,0,0,0,0,0,0,0,0,0
Methylophaga,0,0,0,0,0,0,0,0,0,0,0
Methylotenera,0,0,0,0,0,0,0,0,0,0,0
Aquaspirillum,0,0,0,0,0,0,0,0,0,0,0
Effusibacillus,0,0,0,0,0,0,0,0,0,0,0
Latilactobacillus,0,0,0,0,0,0,0,0,0,0,0
Fastidiosipila,0,0,0,0,0,0,0,0,0,0,0
Lachnoclostridium,0,0,0,0,0,0,0,0,0,0,0
Blautia,0,0,0,1,0,0,0,1,0,0,0
Dehalobacter,0,0,0,0,0,0,0,0,0,1,0
Natranaerobius,0,0,0,0,0,0,0,0,0,0,0
Halothermothrix,0,0,0,0,0,0,0,0,0,0,0
Thermosediminibacter,0,0,0,0,0,0,0,0,0,0,0
Rothia,0,0,0,0,0,0,0,0,1,0,0
Actinoalloteichus,0,0,0,1,0,0,0,0,0,0,1
Kribbella,0,0,0,2,0,1,1,0,0,0,1
Paraconexibacter,0,0,0,0,0,0,0,0,0,0,0
Capillimicrobium,0,0,0,0,0,0,0,0,0,0,0
Leptogranulimonas,0,0,0,0,0,0,0,0,0,0,0
Dehalogenimonas,0,0,0,2,1,0,0,0,2,0,0
Anaerolinea,0,0,0,0,0,0,0,0,0,0,0
Sphaerobacter,0,0,0,0,0,0,0,0,0,0,0
Thermomicrobium,0,0,0,0,0,0,0,0,0,0,0
Haploplasma,0,0,0,0,0,0,0,0,0,0,0
Candidatus Protochlamydia,0,0,0,1,2,2,0,0,3,0,0
Winogradskyella,0,0,0,0,0,0,0,0,0,0,0
Formosa,0,0,0,1,0,0,0,0,0,0,0
Kordia,0,0,0,0,0,0,0,0,0,0,0
Flavivirga,0,0,0,0,0,0,0,0,0,0,0
Kaistella,0,0,0,0,0,0,0,0,0,0,0
Tenuifilum,0,0,0,0,0,0,0,0,0,0,0
Larkinella,0,0,0,0,0,0,0,0,0,0,0
Cytophaga,0,0,0,0,0,0,0,0,0,0,0
Desulfomicrobium,0,0,0,1,0,0,0,0,0,0,0
Desulfopila,0,0,0,0,0,0,0,0,0,0,0
Leptospira,0,0,0,0,1,0,0,0,0,0,1
Helicobacter,0,0,0,0,0,0,0,0,0,0,0
Persicimonas,0,0,0,0,0,0,0,0,0,0,0
Elusimicrobium,0,0,0,0,0,0,0,0,0,0,0
Salicibibacter,0,0,0,0,1,0,0,0,0,0,0
Parageobacillus,0,0,0,0,0,0,0,0,0,0,0
Tetragenococcus,0,0,0,0,0,0,0,0,0,0,0
Sarcina,0,0,0,0,0,0,0,0,0,0,0
Alkaliphilus,0,0,0,0,1,0,0,0,0,0,0
Hathewaya,0,0,0,0,0,0,0,0,0,0,0
Thermocaproicibacter,0,0,0,0,0,0,0,0,0,0,0
Caproicibacterium,0,0,0,0,0,0,0,0,0,0,0
Acutalibacter,0,0,0,0,0,0,0,0,0,0,0
Herbinix,0,0,0,0,0,0,0,0,0,0,0
Heliomicrobium,0,0,0,0,0,0,0,0,0,0,0
Thermoanaerobacterium,0,0,0,0,1,0,0,1,0,0,0
Koleobacter,0,0,0,0,0,0,0,0,0,0,0
Murdochiella,0,0,0,0,0,0,0,0,0,0,0
Tissierella,0,0,0,0,0,0,0,0,0,0,0
Keratinibaculum,0,0,0,0,0,0,0,0,0,0,0
Bulleidia,0,0,0,0,0,0,0,0,0,0,0
Salinibacterium,0,0,0,0,0,0,0,0,0,0,0
Tessaracoccus,0,0,0,0,1,0,0,0,0,0,0
Prauserella,0,0,0,0,0,0,0,0,0,0,0
Pseudofrankia,0,0,0,0,0,0,0,0,0,0,0
Pseudanabaena,0,0,0,0,0,0,0,0,1,0,0
Oceanithermus,0,0,0,0,0,0,0,0,0,0,0
Candidatus Promineifilum,0,0,0,0,0,0,0,0,0,0,0
Xanthobacter,0,0,0,0,0,0,0,1,0,0,0
Aminobacter,0,0,0,0,0,0,0,0,0,0,0
Salaquimonas,0,0,0,0,0,0,0,0,0,0,0
Pseudochrobactrum,0,0,0,0,0,0,0,0,0,0,0
Entomobacter,0,0,0,0,0,0,0,0,0,0,0
Candidatus Sneabacter,0,0,0,0,0,0,0,0,0,0,0
Taylorella,0,0,0,0,0,0,0,0,0,0,0
Castellaniella,0,0,0,0,0,0,0,0,0,0,0
Paralcaligenes,0,0,0,0,0,0,0,0,0,0,0
Leptothrix,0,0,0,0,0,0,0,0,0,0,0
Caldimonas,0,0,0,0,0,0,0,0,0,0,0
Chromobacterium,0,0,0,0,0,0,0,0,0,0,0
Raoultella,0,0,0,0,0,0,0,0,0,0,0
Candidatus Blochmannia,0,0,0,0,0,0,0,0,0,0,0
Candidatus Riesia,0,0,0,0,0,0,0,0,0,0,0
Marichromatium,0,0,0,0,0,0,0,0,0,0,0
Halotalea,0,0,0,0,0,0,0,0,0,0,0
Thalassolituus,0,0,0,0,0,0,0,0,0,0,0
Glaesserella,0,0,0,0,0,0,0,0,0,0,0
Thiomicrorhabdus,0,0,0,0,0,0,0,0,0,0,0
Polystyrenella,0,0,0,0,0,0,0,0,0,0,0
Ruficoccus,0,0,0,0,0,0,0,0,0,0,0
Candidatus Pelagisphaera,0,0,0,0,0,0,0,0,0,0,0
Chlamydia,0,0,0,0,0,0,0,0,0,0,0
Pseudocnuella,0,0,0,0,0,0,0,0,0,0,0
Echinicola,0,0,0,0,1,0,0,0,0,0,0
Hymenobacter,0,0,0,0,1,0,0,0,2,0,0
Desulfosudis,0,0,0,0,0,0,0,0,0,0,0
Lawsonia,0,0,0,0,0,0,0,0,0,0,0
Cupidesulfovibrio,0,0,0,0,0,0,0,0,0,0,0
Salinispira,0,0,0,0,0,0,0,0,0,0,0
Desulfurispirillum,0,0,0,0,0,0,0,0,0,0,0
Nitrospina,0,0,0,0,0,0,0,0,0,0,0
Ethanoligenens,0,0,0,0,0,0,0,0,0,0,0
Thermoclostridium,0,0,0,0,0,0,0,0,0,0,0
Tyzzerella,0,0,0,0,0,0,0,0,0,0,0
Coprococcus,0,0,0,0,0,0,0,0,0,0,0
Fenollaria,0,0,0,0,0,1,0,0,0,0,1
Acetobacterium,0,0,0,0,0,1,0,0,0,0,0
Natranaerofaba,0,0,0,0,0,0,0,0,0,0,0
Aeribacillus,0,0,0,0,0,1,0,0,0,0,6
Thermobacillus,0,0,0,0,0,0,0,0,0,0,0
Oenococcus,0,0,0,0,0,1,0,0,0,0,0
Periweissella,0,0,0,0,0,0,0,0,0,0,0
Sporomusa,0,0,0,0,0,1,0,0,0,0,0
Veillonella,0,0,0,0,0,2,0,0,0,0,0
Phascolarctobacterium,0,0,0,0,0,0,0,0,0,0,0
Jatrophihabitans,0,0,0,0,0,0,0,0,1,0,0
Gordonibacter,0,0,0,0,0,0,0,0,0,0,0
Lancefieldella,0,0,0,0,0,1,0,0,2,0,0
Stanieria,0,0,0,0,0,0,0,0,0,0,0
Synechococcus,0,0,0,0,0,0,0,0,0,0,0
Thermobaculum,0,0,0,0,0,0,0,0,0,0,0
Thermus,0,0,0,0,0,1,0,0,0,0,0
Nitratireductor,0,0,0,0,0,0,0,0,0,0,0
Labrenzia,0,0,0,0,0,0,0,0,0,0,0
Indioceanicola,0,0,0,0,0,0,0,0,0,0,0
Sphingobium,0,0,0,0,0,0,0,0,0,0,0
Sneathiella,0,0,0,0,0,0,0,0,0,0,0
Paremcibacter,0,0,0,0,0,0,0,0,0,0,0
Mycetohabitans,0,0,0,0,0,0,0,0,0,0,0
Melaminivora,0,0,0,0,0,0,0,0,0,0,0
Noviherbaspirillum,0,0,0,0,0,0,0,0,0,0,0
Ferriphaselus,0,0,0,0,0,0,0,0,0,0,0
Ferribacterium,0,0,0,0,0,0,0,0,0,0,0
Laribacter,0,0,0,0,0,0,0,0,0,0,0
Buchnera,0,0,0,0,0,0,0,0,0,0,0
Pantoea,0,0,0,0,0,0,0,0,0,0,0
Edwardsiella,0,0,0,0,0,0,0,0,0,0,0
Sodalis,0,0,0,0,0,0,0,0,0,0,0
Entomomonas,0,0,0,0,0,0,0,0,0,0,0
Rhodanobacter,0,0,0,0,0,0,0,0,1,0,0
Thiocapsa,0,0,0,0,0,0,0,0,0,0,0
Tolumonas,0,0,0,0,0,0,0,0,0,0,0
Methylogaea,0,0,0,0,0,0,0,0,0,0,0
Candidatus Comchoanobacter,0,0,0,0,0,0,0,0,0,0,0
Piscirickettsia,0,0,0,0,0,0,0,0,0,0,0
Pirellulimonas,0,0,0,0,0,0,0,0,0,0,0
Kiritimatiella,0,0,0,0,0,0,0,0,0,0,0
Alkalitalea,0,0,0,0,0,0,0,0,0,0,0
Tenacibaculum,0,0,0,0,0,0,0,0,0,0,0
Elizabethkingia,0,0,0,0,0,0,0,0,0,0,0
Fluviicola,0,0,0,0,0,0,0,0,0,0,0
Prosthecochloris,0,0,0,0,0,0,0,0,0,0,0
Desulfonema,0,0,0,0,0,0,0,0,0,0,0
Desulfatiglans,0,0,0,0,0,0,0,0,0,0,0
Archangium,0,0,0,0,0,0,0,0,1,0,0
Endomicrobium,0,0,0,0,0,0,0,0,0,0,0
Anaeromicropila,0,0,0,0,0,0,0,0,0,0,0
Flavonifractor,0,0,0,0,0,0,0,0,0,0,0
Monoglobus,0,0,0,0,0,0,0,0,0,0,0
Mogibacterium,0,0,0,0,0,0,1,0,4,0,0
Allobacillus,0,0,0,0,0,0,0,0,0,0,0
Secundilactobacillus,0,0,0,0,0,0,0,0,0,0,0
Humibacter,0,0,0,0,0,0,0,0,0,0,0
Isoptericola,0,0,0,0,0,0,0,0,0,0,0
Brevibacterium,0,0,0,0,0,0,0,0,1,0,0
Natronoglycomyces,0,0,0,0,0,0,0,0,0,0,0
Saccharomonospora,0,0,0,0,0,0,0,0,0,0,1
Halomicronema,0,0,0,0,0,0,0,0,0,0,0
Ureaplasma,0,0,0,0,0,0,1,0,0,0,0
Sphingopyxis,0,0,0,0,0,0,1,0,0,0,0
Ephemeroptericola,0,0,0,0,0,0,0,0,0,0,0
Tatumella,0,0,0,0,0,0,0,0,0,0,0
Psychrobacter,0,0,0,0,0,0,0,0,0,0,0
Roseimaritima,0,0,0,0,0,0,1,0,0,0,0
Thermotomaculum,0,0,0,0,0,0,0,0,0,0,0
Geovibrio,0,0,0,0,0,0,0,0,0,0,0
Tepidibacter,0,0,0,0,0,0,0,0,0,0,0
Solibaculum,0,0,0,0,0,0,0,0,0,0,0
Candidatus Syntrophocurvum,0,0,0,0,0,0,0,0,0,0,0
Petrocella,0,0,0,0,0,0,0,0,0,0,0
Thermacetogenium,0,0,0,0,0,0,0,0,0,0,0
Gelria,0,0,0,0,0,0,0,0,0,0,0
Thermodesulfobium,0,0,0,0,0,0,0,1,0,0,0
Moorella,0,0,0,0,0,0,0,1,1,0,1
Shouchella,0,0,0,0,0,0,0,0,0,0,0
Catenibacterium,0,0,0,0,0,0,0,0,0,0,0
Ndongobacter,0,0,0,0,0,0,0,0,0,0,0
Paenarthrobacter,0,0,0,0,0,0,0,0,0,0,0
Tetrasphaera,0,0,0,0,0,0,0,0,0,0,0
Cutibacterium,0,0,0,0,0,0,0,0,0,0,0
Streptomonospora,0,0,0,0,0,0,0,0,0,0,0
Baekduia,0,0,0,0,0,0,0,1,1,0,0
Cohaesibacter,0,0,0,0,0,0,0,0,0,0,0
Paroceanicella,0,0,0,0,0,0,0,0,0,0,0
Paenalcaligenes,0,0,0,0,0,0,0,0,2,0,0
Aquincola,0,0,0,0,0,0,0,0,0,0,0
Roseateles,0,0,0,0,0,0,0,1,1,0,0
Methyloversatilis,0,0,0,0,0,0,0,0,0,0,0
Musicola,0,0,0,0,0,0,0,0,0,0,0
Dongshaea,0,0,0,0,0,0,0,0,0,0,0
Permianibacter,0,0,0,0,0,0,0,0,0,0,0
Stutzerimonas,0,0,0,0,0,0,0,0,0,0,0
Ectothiorhodospira,0,0,0,0,0,0,0,0,0,0,0
Thermochromatium,0,0,0,0,0,0,0,0,0,0,0
Neochlamydia,0,0,0,0,0,0,0,0,0,0,0
Mesoflavibacter,0,0,0,0,0,0,0,0,0,0,0
Faecalibacter,0,0,0,0,0,0,0,0,0,0,0
Rufibacter,0,0,0,0,0,0,0,0,0,0,1
Tannerella,0,0,0,0,0,0,0,1,0,0,0
Thermodesulfobacterium,0,0,0,0,0,0,0,1,0,0,0
Parasphaerochaeta,0,0,0,0,0,0,0,0,0,0,0
Defluviitoga,0,0,0,0,0,0,0,0,0,0,0
Caldibacillus,0,0,0,0,0,0,0,0,0,0,0
Sediminibacillus,0,0,0,0,0,0,0,0,0,0,0
Halalkalibacter,0,0,0,0,0,0,0,0,0,0,0
Hydrogenibacillus,0,0,0,0,0,0,0,0,0,0,0
Nicoliella,0,0,0,0,0,0,0,0,0,0,0
Leuconostoc,0,0,0,0,0,0,0,0,1,0,0
Peptostreptococcus,0,0,0,0,0,0,0,0,0,0,0
Paludihabitans,0,0,0,0,0,0,0,0,0,0,0
Candidatus Desulforudis,0,0,0,0,0,0,0,0,0,0,0
Caldanaerobacter,0,0,0,0,0,0,0,0,0,0,0
Zhaonella,0,0,0,0,0,0,0,0,0,0,0
Lysinibacter,0,0,0,0,0,0,0,0,0,0,0
Leucobacter,0,0,0,0,0,0,0,0,0,0,0
Actinotalea,0,0,0,0,0,0,0,0,0,0,0
Pengzhenrongella,0,0,0,0,0,0,0,0,0,0,0
Dermacoccus,0,0,0,0,0,0,0,0,1,0,0
Actinosynnema,0,0,0,0,0,0,0,0,0,0,0
Flaviflexus,0,0,0,0,0,0,0,0,0,0,0
Actinomadura,0,0,0,0,0,0,0,0,1,0,0
Candidatus Planktophila,0,0,0,0,0,0,0,0,0,0,0
Egicoccus,0,0,0,0,0,0,0,0,0,0,0
Koinonema,0,0,0,0,0,0,0,0,0,0,0
Oricola,0,0,0,0,0,0,0,0,0,0,0
Parvibaculum,0,0,0,0,0,0,0,0,0,0,0
Commensalibacter,0,0,0,0,0,0,0,0,0,0,0
Niveispirillum,0,0,0,0,0,0,0,0,0,0,0
Cognatishimia,0,0,0,0,0,0,0,0,0,0,0
Rhodobaca,0,0,0,0,0,0,0,0,0,0,0
Roseicitreum,0,0,0,0,0,0,0,0,0,0,0
Sphingosinicella,0,0,0,0,0,0,0,0,0,0,0
Qipengyuania,0,0,0,0,0,0,0,0,1,0,0
Candidatus Neoehrlichia,0,0,0,0,0,0,0,0,0,0,0
Luteithermobacter,0,0,0,0,0,0,0,0,0,0,0
Terricaulis,0,0,0,0,0,0,0,0,0,0,0
Oryzomicrobium,0,0,0,0,0,0,0,0,0,0,0
Quatrionicoccus,0,0,0,0,0,0,0,0,0,0,0
Microvirgula,0,0,0,0,0,0,0,0,0,0,0
Ferrovum,0,0,0,0,0,0,0,0,0,0,0
Shigella,0,0,0,0,0,0,0,0,0,0,0
Marinobacter,0,0,0,0,0,0,0,0,0,0,0
Solimonas,0,0,0,0,0,0,0,0,0,0,0
Wenzhouxiangella,0,0,0,0,0,0,0,0,0,0,0
Chromohalobacter,0,0,0,0,0,0,0,0,0,0,0
Candidatus Portiera,0,0,0,0,0,0,0,0,0,0,0
Kushneria,0,0,0,0,0,0,0,0,0,0,0
Idiomarina,0,0,0,0,0,0,0,0,2,0,0
Methylococcus,0,0,0,0,0,0,0,0,0,0,0
Thiomicrospira,0,0,0,0,0,0,0,0,0,0,0
Beggiatoa,0,0,0,0,0,0,0,0,0,0,0
Cysteiniphilum,0,0,0,0,0,0,0,0,0,0,0
Frederiksenia,0,0,0,0,0,0,0,0,0,0,0
Stieleria,0,0,0,0,0,0,0,0,1,0,0
Phnomibacter,0,0,0,0,0,0,0,0,0,0,0
Aureibaculum,0,0,0,0,0,0,0,0,0,0,0
Aegicerativicinus,0,0,0,0,0,0,0,0,0,0,0
Abyssalbus,0,0,0,0,0,0,0,0,0,0,0
Weeksella,0,0,0,0,0,0,0,0,0,0,0
Spirosoma,0,0,0,0,0,0,0,0,0,0,0
Reichenbachiella,0,0,0,0,0,0,0,0,0,0,0
Haliscomenobacter,0,0,0,0,0,0,0,0,0,0,0
Desulfocurvibacter,0,0,0,0,0,0,0,0,0,0,0
Desulfolutivibrio,0,0,0,0,0,0,0,0,1,0,0
Maridesulfovibrio,0,0,0,0,0,0,0,0,0,0,0
Oceanidesulfovibrio,0,0,0,0,0,0,0,0,0,0,0
Candidatus Saccharimonas,0,0,0,0,0,0,0,0,0,0,0
Gracilinema,0,0,0,0,0,0,0,0,0,0,0
Brachyspira,0,0,0,0,0,0,0,0,0,0,0
Campylobacter,0,0,0,0,0,0,0,0,1,0,1
Hydrogenimonas,0,0,0,0,0,0,0,0,1,0,0
Atribacter,0,0,0,0,0,0,0,0,0,0,0
Haliovirga,0,0,0,0,0,0,0,0,0,0,0
Flexistipes,0,0,0,0,0,0,0,0,0,0,0
Hungatella,0,0,0,0,0,0,0,0,0,0,0
Novisyntrophococcus,0,0,0,0,0,0,0,0,0,0,0
Flintibacter,0,0,0,0,0,0,0,0,0,0,0
Caldinitratiruptor,0,0,0,0,0,0,0,0,0,0,0
Christensenella,0,0,0,0,0,0,0,0,0,0,0
Aceticella,0,0,0,0,0,0,0,0,0,0,0
Cellulomonas,0,0,0,0,0,0,0,0,0,0,0
Pontimonas,0,0,0,0,0,0,0,0,0,0,0
Gardnerella,0,0,0,0,0,0,0,0,0,0,0
Marmoricola,0,0,0,0,0,0,0,0,0,0,0
Propionibacterium,0,0,0,0,0,0,0,0,0,0,0
Rhodovulum,0,0,0,0,0,0,0,0,0,0,0
Candidatus Puniceispirillum,0,0,0,0,0,0,0,0,0,0,0
Pulveribacter,0,0,0,0,0,0,0,0,0,0,0
Crenobacter,0,0,0,0,0,0,0,0,0,0,0
Candidatus Ishikawaella,0,0,0,0,0,0,0,0,0,0,0
Cobetia,0,0,0,0,0,0,0,0,0,0,0
Methylomagnum,0,0,0,0,0,0,0,0,0,0,0
Phocaeicola,0,0,0,0,0,0,0,0,0,0,0
Petrimonas,0,0,0,0,0,0,0,0,0,0,0
Desulforapulum,0,0,0,0,0,0,0,0,0,0,0
Nosocomiicoccus,0,0,0,0,0,0,0,0,0,0,0
Laceyella,0,0,0,0,0,0,0,0,0,0,0
Methylomusa,0,0,0,0,0,0,0,0,0,0,0
Selenobaculum,0,0,0,0,0,0,0,0,0,0,0
Acidilutibacter,0,0,0,0,0,0,0,0,0,0,0
Rathayibacter,0,0,0,0,0,0,0,0,0,0,1
Aquiluna,0,0,0,0,0,0,0,0,0,0,1
Streptosporangium,0,0,0,0,0,0,0,0,0,0,0
Gleimia,0,0,0,0,0,0,0,0,0,0,0
Nakamurella,0,0,0,0,0,0,0,0,0,0,1
Peteryoungia,0,0,0,0,0,0,0,0,0,0,0
Chenggangzhangella,0,0,0,0,0,0,0,0,0,0,0
Nitrospirillum,0,0,0,0,0,0,0,0,0,0,0
Sphingorhabdus,0,0,0,0,0,0,0,0,0,0,0
Limnohabitans,0,0,0,0,0,0,0,0,0,0,0
Rahnella,0,0,0,0,0,0,0,0,0,0,0
Rheinheimera,0,0,0,0,0,0,0,0,0,0,0
Rubinisphaera,0,0,0,0,0,0,0,0,0,0,0
Maioricimonas,0,0,0,0,0,0,0,0,0,0,0
Psychroflexus,0,0,0,0,0,0,0,0,0,0,0
Desulfobacter,0,0,0,0,0,0,0,0,0,0,0
Dictyoglomus,0,0,0,0,0,0,0,0,0,0,1
